query,subject,pident,length,mismatch,gapopen,qstart,qend,sstart,send,evalue,bitscore,stitle,database,region,gene,vf_category,organism,description
PAI2|AAL95037.1,gi|15640286|ref|NP_229913.1|,32.821,195,127,3,3,196,81,272,4.4200000000000004e-29,107.0,"gi|15640286|ref|NP_229913.1| transposase OrfAB, subunit B [Vibrio cholerae O1 biovar El Tor str. N16961]",VICTORS,PAI2,transposase,,Vibrio cholerae O1 biovar El Tor str. N16961,"transposase OrfAB, subunit B"
PAI2|AAL95045.1,VFG047495(gb|WP_003020974),32.0,375,225,8,16,376,10,368,3.47e-45,157.0,VFG047495(gb|WP_003020974) (bioF) 8-amino-7-oxononanoate synthase [Biotin synthesis (VF0552) - Nutritional/Metabolic factor (VFC0272)] [Francisella tularensis subsp. tularensis SCHU S4],VFDB,PAI2,bioF,Biotin synthesis (VF0552) - Nutritional/Metabolic factor (VFC0272),Francisella tularensis subsp. tularensis SCHU S4,
PAI2|AAL95045.1,gi|56708033|ref|YP_169929.1|,32.0,375,225,8,16,376,10,368,4.0599999999999997e-45,157.0,gi|56708033|ref|YP_169929.1| 8-amino-7-oxononanoate synthase [Francisella tularensis subsp. tularensis SCHU S4],VICTORS,PAI2,8-amino-7-oxononanoate,,Francisella tularensis subsp. tularensis SCHU S4,8-amino-7-oxononanoate synthase
PAI2|AAL95049.1,VFG050270(gb|NP_220318),28.685,502,285,18,1,457,1,474,7.19e-45,160.0,VFG050270(gb|NP_220318) (glgA) glycogen synthase [TTSS secreted effectors (VF0711) - Effector delivery system (VFC0086)] [Chlamydia trachomatis D/UW-3/CX],VFDB,PAI2,glgA,TTSS secreted effectors (VF0711) - Effector delivery system (VFC0086),Chlamydia trachomatis D/UW-3/CX,
PAI2|AAL95049.1,gi|799335663|ref|XP_012051037.1|,23.951,405,263,16,14,386,1184,1575,2.04e-13,70.5,"gi|799335663|ref|XP_012051037.1| alpha-1,3-glucan synthase, variant [Cryptococcus neoformans var. grubii H99]",VICTORS,PAI2,"alpha-1,3-glucan",,Cryptococcus neoformans var. grubii H99,"alpha-1,3-glucan synthase, variant"
PAI2|AAL95050.1,gi|89255895|ref|YP_513257.1|,21.615,384,253,12,1,347,10,382,1.49e-19,87.4,gi|89255895|ref|YP_513257.1| glucose-1-phosphate adenylyltransferase [Francisella tularensis subsp. holarctica LVS],VICTORS,PAI2,glucose-1-phosphate,,Francisella tularensis subsp. holarctica LVS,glucose-1-phosphate adenylyltransferase
PAI2|AAL95051.1,gi|89255895|ref|YP_513257.1|,42.338,385,193,7,6,364,12,393,1.44e-97,295.0,gi|89255895|ref|YP_513257.1| glucose-1-phosphate adenylyltransferase [Francisella tularensis subsp. holarctica LVS],VICTORS,PAI2,glucose-1-phosphate,,Francisella tularensis subsp. holarctica LVS,glucose-1-phosphate adenylyltransferase
PAI2|AAL95052.1,gi|56707562|ref|YP_169458.1|,45.701,628,317,9,6,611,15,640,0.0,548.0,gi|56707562|ref|YP_169458.1| glycogen branching protein [Francisella tularensis subsp. tularensis SCHU S4],VICTORS,PAI2,glycogen,,Francisella tularensis subsp. tularensis SCHU S4,glycogen branching protein
PAI3|AAL95509.1,gi|117623583|ref|YP_852496.1|,26.57,207,140,5,54,249,65,270,1.97e-14,73.2,gi|117623583|ref|YP_852496.1| periplasmic murein peptide-binding protein precursor [Escherichia coli APEC O1],VICTORS,PAI3,periplasmic,,Escherichia coli APEC O1,periplasmic murein peptide-binding protein precursor
PAI3|AAL95514.1,VFG001405(gb|NP_217219),46.386,332,146,2,28,328,196,526,8.84e-101,304.0,VFG001405(gb|NP_217219) (sigA/rpoV) RNA polymerase sigma factor SigA [SigA (VF0257) - Regulation (VFC0301)] [Mycobacterium tuberculosis H37Rv],VFDB,PAI3,sigA/rpoV,SigA (VF0257) - Regulation (VFC0301),Mycobacterium tuberculosis H37Rv,
PAI3|AAL95514.1,gi|147674644|ref|YP_001216035.1|,47.059,272,144,0,54,325,52,323,1.23e-82,251.0,gi|147674644|ref|YP_001216035.1| RNA polymerase sigma factor RpoS [Vibrio cholerae O395],VICTORS,PAI3,RNA,,Vibrio cholerae O395,RNA polymerase sigma factor RpoS
PAI3|AAL95517.1,VFG050699(gb|WP_000840548.1),34.121,381,230,8,101,469,97,468,1.11e-70,229.0,VFG050699(gb|WP_000840548.1) (pilR) sigma-54 dependent transcriptional regulator [TFP (VF1334) - Adherence (VFC0001)] [Acinetobacter baumannii ACICU],VFDB,PAI3,pilR,TFP (VF1334) - Adherence (VFC0001),Acinetobacter baumannii ACICU,
PAI3|AAL95517.1,gi|82699958|ref|YP_414532.1|,28.633,461,292,6,34,467,32,482,5.97e-66,218.0,gi|82699958|ref|YP_414532.1| response regulator receiver [Brucella abortus 2308],VICTORS,PAI3,response,,Brucella abortus 2308,response regulator receiver
PAI3|AAL95518.1,VFG015000(gb|NP_252339),28.095,210,134,8,7,202,11,217,5.81e-16,75.9,VFG015000(gb|NP_252339) (mucP) metalloprotease protease [Alginate (VF0091) - Biofilm (VFC0271)] [Pseudomonas aeruginosa PAO1],VFDB,PAI3,mucP,Alginate (VF0091) - Biofilm (VFC0271),Pseudomonas aeruginosa PAO1,
PAI3|AAL95521.1,VFG002189(gb|WP_002359680),32.479,234,137,8,49,275,39,258,1.14e-22,92.0,VFG002189(gb|WP_002359680) (cpsB/cdsA) phosphatidate cytidylyltransferase [Capsule (VF0361) - Immune modulation (VFC0258)] [Enterococcus faecalis V583],VFDB,PAI3,cpsB/cdsA,Capsule (VF0361) - Immune modulation (VFC0258),Enterococcus faecalis V583,
PAI3|AAL95521.1,gi|15801738|ref|NP_287756.1|,27.626,257,154,7,48,290,60,298,2.31e-14,69.7,gi|15801738|ref|NP_287756.1| putative phosphatidate cytidiltransferase [Escherichia coli O157:H7 str. EDL933],VICTORS,PAI3,putative,,Escherichia coli O157:H7 str. EDL933,putative phosphatidate cytidiltransferase
PAI3|AAL95522.1,VFG002190(gb|WP_002362225),47.899,238,113,3,2,228,23,260,1.12e-74,224.0,VFG002190(gb|WP_002362225) (cpsA/uppS) undecaprenyl diphosphate synthase [Capsule (VF0361) - Immune modulation (VFC0258)] [Enterococcus faecalis V583],VFDB,PAI3,cpsA/uppS,Capsule (VF0361) - Immune modulation (VFC0258),Enterococcus faecalis V583,
PAI3|AAL95522.1,gi|17987110|ref|NP_539744.1|,46.957,230,115,2,6,228,4,233,3.2e-72,218.0,gi|17987110|ref|NP_539744.1| undecaprenyl pyrophosphate synthase [Brucella melitensis bv. 1 str. 16M],VICTORS,PAI3,undecaprenyl,,Brucella melitensis bv. 1 str. 16M,undecaprenyl pyrophosphate synthase
PAI3|AAL95523.1,gi|56708589|ref|YP_170485.1|,38.571,280,164,4,15,288,10,287,5.77e-58,185.0,gi|56708589|ref|YP_170485.1| geranyltranstransferase [Francisella tularensis subsp. tularensis SCHU S4],VICTORS,PAI3,geranyltranstransferase,,Francisella tularensis subsp. tularensis SCHU S4,geranyltranstransferase
PAI3|AAL95525.1,gi|218563064|ref|YP_002344843.1|,31.579,171,99,6,21,181,64,226,6.36e-13,62.4,gi|218563064|ref|YP_002344843.1| putative DNA methylase [Campylobacter jejuni subsp. jejuni NCTC 11168],VICTORS,PAI3,putative,,Campylobacter jejuni subsp. jejuni NCTC 11168,putative DNA methylase
PAI3|AAL95530.1,gi|23501801|ref|NP_697928.1|,32.42,219,141,4,127,338,195,413,1.1799999999999999e-30,118.0,gi|23501801|ref|NP_697928.1| N-acetylmuramoyl-L-alanine amidase [Brucella suis 1330],VICTORS,PAI3,N-acetylmuramoyl-L-alanine,,Brucella suis 1330,N-acetylmuramoyl-L-alanine amidase
PAI3|AAL95536.1,gi|218930415|ref|YP_002348290.1|,30.739,257,149,8,18,272,25,254,1.41e-26,107.0,gi|218930415|ref|YP_002348290.1| glutamyl-Q tRNA(Asp) synthetase [Yersinia pestis CO92],VICTORS,PAI3,glutamyl-Q,,Yersinia pestis CO92,glutamyl-Q tRNA(Asp) synthetase
PAI3|AAL95538.1,gi|227082578|ref|YP_002811129.1|,40.323,124,70,3,1,121,1,123,1.32e-23,86.3,gi|227082578|ref|YP_002811129.1| 4'-phosphopantetheinyl transferase [Vibrio cholerae M66-2],VICTORS,PAI3,4'-phosphopantetheinyl,,Vibrio cholerae M66-2,4'-phosphopantetheinyl transferase
